"scrubbed_species_binomial","verbatim_family","verbatim_scientific_name","family_matched","name_matched","name_matched_author","higher_plant_group","scrubbed_taxonomic_status","scrubbed_family","scrubbed_author","native_status","native_status_reason","native_status_sources","is_introduced","native_status_country","native_status_state_province","native_status_county_parish","latitude","longitude","date_collected","datasource","dataset","dataowner","custodial_institution_codes","collection_code","datasource_id","observation_type"
"Abies bracteata","Pinaceae","Abies bracteata (D. Don) D. Don ex Poit.","Pinaceae","Abies bracteata","(D. Don) D. Don ex Poit.","gymnosperms (conifers)","Accepted","Pinaceae","(D. Don) D. Don ex Poit.","N","Native to region, as per checklist","usda",0,"N","N",NA,37.750869,-119.51983,2001-10-03,"FIA","U.S. Forest Inventory and Analysis (FIA) National Program","Greg Reams",NA,NA,31,"plot"
"Abies bracteata","Pinaceae","Abies bracteata (D.Don) Poit.","Pinaceae","Abies bracteata","(D. Don) Poit.","gymnosperms (conifers)","Accepted","Pinaceae","(D. Don) Poit.","N","Native to region, as per checklist","usda",0,"N",NA,NA,36.08,-121.5,1903-08-13,"GBIF","K","K","K","Herbarium",4513,"specimen"
"Abies bracteata","Pinaceae","Abies bracteata (D.Don) Poit.","Pinaceae","Abies bracteata","(D. Don) Poit.","gymnosperms (conifers)","Accepted","Pinaceae","(D. Don) Poit.","N","Native to region, as per checklist","usda",0,"N",NA,NA,36.05,-121.47,NA,"GBIF","K","K","K","Herbarium",4513,"specimen"
"Abies bracteata","Pinaceae","Abies bracteata (D.Don) Poit.","Pinaceae","Abies bracteata","(D. Don) Poit.","gymnosperms (conifers)","Accepted","Pinaceae","(D. Don) Poit.","N","Native to region, as per checklist","usda",0,"N","N",NA,36.050895,-121.496978,2020-06-14,"GBIF","iNaturalist","iNaturalist","iNaturalist","Observations",3007,"human observation"
"Abies bracteata","Pinaceae","Abies bracteata (D.Don) Poit.","Pinaceae","Abies bracteata","(D. Don) Poit.","gymnosperms (conifers)","Accepted","Pinaceae","(D. Don) Poit.","N","Native to region, as per checklist","usda",0,"N","N",NA,36.288439,-121.581494,1972-03-20,"GBIF","OBI","OBI","OBI",NA,4679,"specimen"
"Abies bracteata","Pinaceae","Abies bracteata (D.Don) Poit.","Pinaceae","Abies bracteata","(D. Don) Poit.","gymnosperms (conifers)","Accepted","Pinaceae","(D. Don) Poit.","N","Native to region, as per checklist","usda",0,"N","N",NA,36.10947,-121.56133,1903-08-13,"GBIF","SD","SD","SD",NA,4760,"specimen"
"Abies bracteata","Pinaceae","Abies bracteata (D.Don) Poit.","Pinaceae","Abies bracteata","(D. Don) Poit.","gymnosperms (conifers)","Accepted","Pinaceae","(D. Don) Poit.","N","Native to region, as per checklist","usda",0,"N","N",NA,36.374736,-121.68729,1969-06-15,"GBIF","UCSB","UCSB","UCSB",NA,4856,"specimen"
"Abies bracteata","Pinaceae","Abies bracteata (D.Don) Poit.","Pinaceae","Abies bracteata","(D. Don) Poit.","gymnosperms (conifers)","Accepted","Pinaceae","(D. Don) Poit.","N","Native to region, as per checklist","usda",0,"N","N",NA,36.029664,-121.486886,1980-11-09,"GBIF","OBI","OBI","OBI",NA,4679,"specimen"
"Abies bracteata","Pinaceae","Abies bracteata (D.Don) Poit.","Pinaceae","Abies bracteata","(D. Don) Poit.","gymnosperms (conifers)","Accepted","Pinaceae","(D. Don) Poit.","N","Native to region, as per checklist","usda",0,"N","N",NA,36.05489,-121.49361,1982-05-15,"GBIF","UCR","UCR","UCR",NA,4853,"specimen"
"Abies bracteata","Pinaceae","Abies bracteata (D.Don) Poit.","Pinaceae","Abies bracteata","(D. Don) Poit.","gymnosperms (conifers)","Accepted","Pinaceae","(D. Don) Poit.","N","Native to region, as per checklist","usda",0,"N","N",NA,36.31187,-121.56827,1964-06-30,"GBIF","UCSC","UCSC","UCSC",NA,4857,"specimen"
"Abies bracteata","Pinaceae","Abies bracteata (D.Don) Poit.","Pinaceae","Abies bracteata","(D. Don) Poit.","gymnosperms (conifers)","Accepted","Pinaceae","(D. Don) Poit.","N","Native to region, as per checklist","usda",0,"N","N",NA,35.813721,-121.277702,1969-06-16,"GBIF","OBI","OBI","OBI",NA,4679,"specimen"
"Abies bracteata","Pinaceae","Abies bracteata (D.Don) Poit.","Pinaceae","Abies bracteata","(D. Don) Poit.","gymnosperms (conifers)","Accepted","Pinaceae","(D. Don) Poit.","N","Native to region, as per checklist","usda",0,"N","N",NA,36.33366,-121.89314,1998-08-03,"GBIF","DAV","DAV","DAV",NA,4338,"specimen"
"Abies bracteata","Pinaceae","Abies bracteata (D.Don) Poit.","Pinaceae","Abies bracteata","(D. Don) Poit.","gymnosperms (conifers)","Accepted","Pinaceae","(D. Don) Poit.","N","Native to region, as per checklist","usda",0,"N","N",NA,36.234793,-121.488281,1971-04-18,"GBIF","OBI","OBI","OBI",NA,4679,"specimen"
"Abies bracteata","Pinaceae","Abies bracteata (D.Don) Poit.","Pinaceae","Abies bracteata","(D. Don) Poit.","gymnosperms (conifers)","Accepted","Pinaceae","(D. Don) Poit.","N","Native to region, as per checklist","usda",0,"N","N",NA,36.30218,-121.578665,1958-12-27,"GBIF","SJSU","SJSU","SJSU",NA,4779,"specimen"
"Abies bracteata","Pinaceae","Abies bracteata (D.Don) Poit.","Pinaceae","Abies bracteata","(D. Don) Poit.","gymnosperms (conifers)","Accepted","Pinaceae","(D. Don) Poit.","N","Native to region, as per checklist","usda",0,"N","N",NA,36.31175,-121.56913,1971-05-15,"GBIF","DAV","DAV","DAV",NA,4338,"specimen"
"Abies bracteata","Pinaceae","Abies bracteata (D.Don) Poit.","Pinaceae","Abies bracteata","(D. Don) Poit.","gymnosperms (conifers)","Accepted","Pinaceae","(D. Don) Poit.","N","Native to region, as per checklist","usda",0,"N","N",NA,36.36297,-121.6559,1938-06-22,"GBIF","UCSB","UCSB","UCSB",NA,4856,"specimen"
"Abies bracteata","Pinaceae","Abies bracteata (D.Don) Poit.","Pinaceae","Abies bracteata","(D. Don) Poit.","gymnosperms (conifers)","Accepted","Pinaceae","(D. Don) Poit.","N","Native to region, as per checklist","usda",0,"N","N",NA,36.29156,-121.77549,1969-04-13,"GBIF","DAV","DAV","DAV",NA,4338,"specimen"
"Abies bracteata","Pinaceae","Abies bracteata (D.Don) Poit.","Pinaceae","Abies bracteata","(D. Don) Poit.","gymnosperms (conifers)","Accepted","Pinaceae","(D. Don) Poit.","N","Native to region, as per checklist","usda",0,"N","N",NA,36.053833,-121.490667,2005-05-13,"GBIF","GH","GH","GH","GH",4414,"specimen"
"Abies bracteata","Pinaceae","Abies bracteata (D.Don) Poit.","Pinaceae","Abies bracteata","(D. Don) Poit.","gymnosperms (conifers)","Accepted","Pinaceae","(D. Don) Poit.","N","Native to region, as per checklist","usda",0,"N","N",NA,35.9137,-121.378799,1949-10-30,"GBIF","UCSC","UCSC","UCSC",NA,4857,"specimen"
"Abies bracteata","Pinaceae","Abies bracteata (D.Don) Poit.","Pinaceae","Abies bracteata","(D. Don) Poit.","gymnosperms (conifers)","Accepted","Pinaceae","(D. Don) Poit.","N","Native to region, as per checklist","usda",0,"N","N",NA,36.042516999102,-121.483833,2006-10-05,"GBIF","RSA","RSA","RSA","VascularPlants",4746,"specimen"
"Abies bracteata","Pinaceae","Abies bracteata (D.Don) Poit.","Pinaceae","Abies bracteata","(D. Don) Poit.","gymnosperms (conifers)","Accepted","Pinaceae","(D. Don) Poit.","N","Native to region, as per checklist","usda",0,"N","N",NA,36.322435,-121.688107,1966-04-03,"GBIF","UCSC","UCSC","UCSC",NA,4857,"specimen"
"Abies bracteata","Pinaceae","Abies bracteata (D.Don) Poit.","Pinaceae","Abies bracteata","(D. Don) Poit.","gymnosperms (conifers)","Accepted","Pinaceae","(D. Don) Poit.","N","Native to region, as per checklist","usda",0,"N","N",NA,35.9137,-121.378799,1949-10-30,"GBIF","UCSC","UCSC","UCSC",NA,4857,"specimen"
"Abies bracteata","Pinaceae","Abies bracteata (D.Don) Poit.","Pinaceae","Abies bracteata","(D. Don) Poit.","gymnosperms (conifers)","Accepted","Pinaceae","(D. Don) Poit.","N","Native to region, as per checklist","usda",0,"N","N",NA,36.240107,-121.315573,1982-04-23,"GBIF","LD","LD","LD","General",4544,"specimen"
"Abies bracteata","Pinaceae","Abies bracteata (D.Don) Poit.","Pinaceae","Abies bracteata","(D. Don) Poit.","gymnosperms (conifers)","Accepted","Pinaceae","(D. Don) Poit.","N","Native to region, as per checklist","usda",0,"N","N",NA,36.05527,-121.49317,1959-04-11,"GBIF","UCSB","UCSB","UCSB",NA,4856,"specimen"
"Abies bracteata","Pinaceae","Abies bracteata (D.Don) Poit.","Pinaceae","Abies bracteata","(D. Don) Poit.","gymnosperms (conifers)","Accepted","Pinaceae","(D. Don) Poit.","N","Native to region, as per checklist","usda",0,"N","N",NA,35.704993,-121.15524,1996-01-24,"GBIF","ASU","ASU","ASU","Plants",4193,"specimen"
"Abies bracteata","Pinaceae","Abies bracteata (D.Don) Poit.","Pinaceae","Abies bracteata","(D. Don) Poit.","gymnosperms (conifers)","Accepted","Pinaceae","(D. Don) Poit.","N","Native to region, as per checklist","usda",0,"N","N",NA,36.223648,-121.700889,1942-08-22,"GBIF","UCSB","UCSB","UCSB",NA,4856,"specimen"
"Abies bracteata","Pinaceae","Abies bracteata (D.Don) Poit.","Pinaceae","Abies bracteata","(D. Don) Poit.","gymnosperms (conifers)","Accepted","Pinaceae","(D. Don) Poit.","N","Native to region, as per checklist","usda",0,"N","N",NA,36.29206,-121.56597,1962-07-24,"GBIF","SD","SD","SD",NA,4760,"specimen"
"Abies bracteata","Pinaceae","Abies bracteata (D.Don) Poit.","Pinaceae","Abies bracteata","(D. Don) Poit.","gymnosperms (conifers)","Accepted","Pinaceae","(D. Don) Poit.","N","Native to region, as per checklist","usda",0,"N","N",NA,36.053833,-121.490667,2005-05-13,"GBIF","RSA","RSA","RSA","VascularPlants",4746,"specimen"
"Abies bracteata","Pinaceae","Abies bracteata (D.Don) Poit.","Pinaceae","Abies bracteata","(D. Don) Poit.","gymnosperms (conifers)","Accepted","Pinaceae","(D. Don) Poit.","N","Native to region, as per checklist","usda",0,"N","N",NA,36.308734,-121.57957,1968-05-19,"GBIF","OBI","OBI","OBI",NA,4679,"specimen"
"Abies bracteata","Pinaceae","Abies bracteata (D.Don) Poit.","Pinaceae","Abies bracteata","(D. Don) Poit.","gymnosperms (conifers)","Accepted","Pinaceae","(D. Don) Poit.","N","Native to region, as per checklist","usda",0,"N","N",NA,35.76769,-121.268799,1968-10-13,"GBIF","OBI","OBI","OBI",NA,4679,"specimen"
"Abies bracteata","Pinaceae","Abies bracteata (D.Don) Poit.","Pinaceae","Abies bracteata","(D. Don) Poit.","gymnosperms (conifers)","Accepted","Pinaceae","(D. Don) Poit.","N","Native to region, as per checklist","usda",0,"N","N",NA,35.71572,-121.07483,1996-01-24,"GBIF","OBI","OBI","OBI",NA,4679,"specimen"
"Abies bracteata","Pinaceae","Abies bracteata (D.Don) Poit.","Pinaceae","Abies bracteata","(D. Don) Poit.","gymnosperms (conifers)","Accepted","Pinaceae","(D. Don) Poit.","N","Native to region, as per checklist","usda",0,"N","N",NA,36.213241,-121.678596,1969-09-09,"GBIF","UCSB","UCSB","UCSB",NA,4856,"specimen"
"Abies bracteata","Pinaceae","Abies bracteata (D.Don) Poit.","Pinaceae","Abies bracteata","(D. Don) Poit.","gymnosperms (conifers)","Accepted","Pinaceae","(D. Don) Poit.","N","Native to region, as per checklist","usda",0,"N","N",NA,36.0519,-121.4963,1958-04-26,"GBIF","UCSB","UCSB","UCSB",NA,4856,"specimen"
"Abies bracteata","Pinaceae","Abies venusta (Douglas ex Hook.) K.Koch","Pinaceae","Abies venusta","(Douglas ex Hook.) K. Koch","gymnosperms (conifers)","Accepted","Pinaceae","(D. Don) Poit.","N","Native to region, as per checklist","usda",0,"N","N",NA,36.051,-121.49131,1962-11-12,"GBIF","UCR","UCR","UCR",NA,4853,"specimen"
"Abies bracteata","Pinaceae","Abies bracteata (D.Don) Poit.","Pinaceae","Abies bracteata","(D. Don) Poit.","gymnosperms (conifers)","Accepted","Pinaceae","(D. Don) Poit.","N","Native to region, as per checklist","usda",0,"N","N",NA,36.31187,-121.56827,1964-06-30,"GBIF","UCSC","UCSC","UCSC",NA,4857,"specimen"
"Abies bracteata","Pinaceae","Abies bracteata (D.Don) Poit.","Pinaceae","Abies bracteata","(D. Don) Poit.","gymnosperms (conifers)","Accepted","Pinaceae","(D. Don) Poit.","N","Native to region, as per checklist","usda",0,"N","N",NA,35.9137,-121.378799,1949-10-30,"GBIF","UCSC","UCSC","UCSC",NA,4857,"specimen"
"Abies bracteata","Pinaceae","Abies bracteata (D.Don) Poit.","Pinaceae","Abies bracteata","(D. Don) Poit.","gymnosperms (conifers)","Accepted","Pinaceae","(D. Don) Poit.","N","Native to region, as per checklist","usda",0,"N","N",NA,36.31187,-121.56827,1964-06-30,"GBIF","UCSC","UCSC","UCSC",NA,4857,"specimen"
"Abies bracteata","Pinaceae","Abies bracteata (D.Don) Poit.","Pinaceae","Abies bracteata","(D. Don) Poit.","gymnosperms (conifers)","Accepted","Pinaceae","(D. Don) Poit.","N","Native to region, as per checklist","usda",0,"N","N",NA,36.051905,-121.496326,1985-04-19,"GBIF","TENN","TENN","TENN",NA,4822,"specimen"
"Abies bracteata","Pinaceae","Abies bracteata (D.Don) Poit.","Pinaceae","Abies bracteata","(D. Don) Poit.","gymnosperms (conifers)","Accepted","Pinaceae","(D. Don) Poit.","N","Native to region, as per checklist","usda",0,"N","N",NA,35.81926,-121.27493,1991-05-26,"GBIF","DAV","DAV","DAV",NA,4338,"specimen"
"Abies bracteata","Pinaceae","Abies bracteata (D.Don) Poit.","Pinaceae","Abies bracteata","(D. Don) Poit.","gymnosperms (conifers)","Accepted","Pinaceae","(D. Don) Poit.","N","Native to region, as per checklist","usda",0,"N","N",NA,36.294138,-121.581501,1962-07-24,"GBIF","SDSU","SDSU","SDSU",NA,4762,"specimen"
"Abies bracteata","Pinaceae","Abies bracteata (D.Don) Poit.","Pinaceae","Abies bracteata","(D. Don) Poit.","gymnosperms (conifers)","Accepted","Pinaceae","(D. Don) Poit.","N","Native to region, as per checklist","usda",0,"N","N",NA,36.05488,-121.4936,1982-05-15,"GBIF","OBI","OBI","OBI",NA,4679,"specimen"
"Abies bracteata","Pinaceae","Abies bracteata (D.Don) Poit.","Pinaceae","Abies bracteata","(D. Don) Poit.","gymnosperms (conifers)","Accepted","Pinaceae","(D. Don) Poit.","N","Native to region, as per checklist","usda",0,"N","N",NA,35.813721,-121.277702,1968-09-02,"GBIF","OBI","OBI","OBI",NA,4679,"specimen"
"Abies bracteata","Pinaceae","Abies bracteata (D.Don) Poit.","Pinaceae","Abies bracteata","(D. Don) Poit.","gymnosperms (conifers)","Accepted","Pinaceae","(D. Don) Poit.","N","Native to region, as per checklist","usda",0,"N","N",NA,36.05219,-121.49601,1961-08-27,"GBIF","UCSB","UCSB","UCSB",NA,4856,"specimen"
"Abies bracteata","Pinaceae","Abies bracteata (D.Don) Poit.","Pinaceae","Abies bracteata","(D. Don) Poit.","gymnosperms (conifers)","Accepted","Pinaceae","(D. Don) Poit.","N","Native to region, as per checklist","usda",0,"N","N",NA,36.05354,-121.4954,1982-04-23,"GBIF","UCSB","UCSB","UCSB",NA,4856,"specimen"
"Abies bracteata","Pinaceae","Abies bracteata (D.Don) Poit.","Pinaceae","Abies bracteata","(D. Don) Poit.","gymnosperms (conifers)","Accepted","Pinaceae","(D. Don) Poit.","N","Native to region, as per checklist","usda",0,"N","N",NA,36.05361,-121.49222,1972-08-29,"GBIF","UCR","UCR","UCR",NA,4853,"specimen"
"Abies bracteata","Pinaceae","Abies bracteata (D.Don) Poit.","Pinaceae","Abies bracteata","(D. Don) Poit.","gymnosperms (conifers)","Accepted","Pinaceae","(D. Don) Poit.","N","Native to region, as per checklist","usda",0,"N","N",NA,36.1938889991005,-121.577222,1974-06-27,"GBIF","CHSC","CHSC","CHSC","VascularPlants",4298,"specimen"
"Abies bracteata","Pinaceae","Abies bracteata (D.Don) Poit.","Pinaceae","Abies bracteata","(D. Don) Poit.","gymnosperms (conifers)","Accepted","Pinaceae","(D. Don) Poit.","N","Native to region, as per checklist","usda",0,"N","N",NA,36.11785,-121.54319,1903-08-13,"GBIF","SD","SD","SD",NA,4760,"specimen"
"Abies bracteata","Pinaceae","Abies bracteata (D.Don) Poit.","Pinaceae","Abies bracteata","(D. Don) Poit.","gymnosperms (conifers)","Accepted","Pinaceae","(D. Don) Poit.","N","Native to region, as per checklist","usda",0,"N","N",NA,35.767182,-121.270336,1969-06-18,"GBIF","OBI","OBI","OBI",NA,4679,"specimen"
"Abies bracteata","Pinaceae","Abies bracteata (D.Don) Poit.","Pinaceae","Abies bracteata","(D. Don) Poit.","gymnosperms (conifers)","Accepted","Pinaceae","(D. Don) Poit.","N","Native to region, as per checklist","usda",0,"N","N",NA,36.213241,-121.678596,1969-09-09,"GBIF","OBI","OBI","OBI",NA,4679,"specimen"
"Abies bracteata","Pinaceae","Abies bracteata (D.Don) Poit.","Pinaceae","Abies bracteata","(D. Don) Poit.","gymnosperms (conifers)","Accepted","Pinaceae","(D. Don) Poit.","N","Native to region, as per checklist","usda",0,"N","N",NA,36.051905,-121.496326,1978-07-30,"GBIF","ASU","ASU","ASU","Plants",4193,"specimen"
"Abies bracteata","Pinaceae","Abies bracteata (D.Don) Poit.","Pinaceae","Abies bracteata","(D. Don) Poit.","gymnosperms (conifers)","Accepted","Pinaceae","(D. Don) Poit.","N","Native to region, as per checklist","usda",0,"N","N",NA,35.9137,-121.378799,1949-10-30,"GBIF","UCSC","UCSC","UCSC",NA,4857,"specimen"
"Abies bracteata","Pinaceae","Abies bracteata (D.Don) Poit.","Pinaceae","Abies bracteata","(D. Don) Poit.","gymnosperms (conifers)","Accepted","Pinaceae","(D. Don) Poit.","N","Native to region, as per checklist","usda",0,"N","N",NA,35.813721,-121.277702,1969-06-16,"GBIF","UCSB","UCSB","UCSB",NA,4856,"specimen"
"Abies bracteata","Pinaceae","Abies bracteata (D.Don) Poit.","Pinaceae","Abies bracteata","(D. Don) Poit.","gymnosperms (conifers)","Accepted","Pinaceae","(D. Don) Poit.","N","Native to region, as per checklist","usda",0,"N","N",NA,36.053963,-121.489905,1959-04-12,"GBIF","UCSB","UCSB","UCSB",NA,4856,"specimen"
"Abies bracteata","Pinaceae","Abies bracteata (D. Don) D. Don ex Poit.","Pinaceae","Abies bracteata","(D. Don) D. Don ex Poit.","gymnosperms (conifers)","Accepted","Pinaceae","(D. Don) D. Don ex Poit.","N","Native to region, as per checklist","usda",0,"N",NA,NA,37.750869,-119.51983,NA,"traits","traits","traits",NA,NA,NA,"trait occurrence"
"Abies bracteata","Pinaceae","Abies bracteata (D. Don) D. Don ex Poit.","Pinaceae","Abies bracteata","(D. Don) D. Don ex Poit.","gymnosperms (conifers)","Accepted","Pinaceae","(D. Don) D. Don ex Poit.","N","Native to region, as per checklist","usda",0,"N","N",NA,37.750869,-119.51983,2001-10-03,"FIA","U.S. Forest Inventory and Analysis (FIA) National Program","Greg Reams",NA,NA,31,"plot"
"Abies bracteata","Pinaceae","Abies bracteata (D.Don) Poit.","Pinaceae","Abies bracteata","(D. Don) Poit.","gymnosperms (conifers)","Accepted","Pinaceae","(D. Don) Poit.","N","Native to region, as per checklist","usda",0,"N",NA,NA,36.05,-121.47,NA,"GBIF","K","K","K","Herbarium",4513,"specimen"
"Abies bracteata","Pinaceae","Abies bracteata (D. Don) D. Don ex Poit.","Pinaceae","Abies bracteata","(D. Don) D. Don ex Poit.","gymnosperms (conifers)","Accepted","Pinaceae","(D. Don) D. Don ex Poit.","N","Native to region, as per checklist","usda",0,"N",NA,NA,37.750869,-119.51983,NA,"traits","traits","traits",NA,NA,NA,"trait occurrence"
"Abies bracteata","Pinaceae","Abies bracteata (D.Don) Poit.","Pinaceae","Abies bracteata","(D. Don) Poit.","gymnosperms (conifers)","Accepted","Pinaceae","(D. Don) Poit.","N","Native to region, as per checklist","usda",0,"N",NA,NA,36.05,-121.47,NA,"GBIF","K","K","K","Herbarium",4513,"specimen"
"Abies bracteata","Pinaceae","Abies bracteata (D.Don) Poit.","Pinaceae","Abies bracteata","(D. Don) Poit.","gymnosperms (conifers)","Accepted","Pinaceae","(D. Don) Poit.","N","Native to region, as per checklist","usda",0,"N",NA,NA,36.05,-121.47,NA,"GBIF","K","K","K","Herbarium",4513,"specimen"
"Abies bracteata","Pinaceae","Abies bracteata (D.Don) Poit.","Pinaceae","Abies bracteata","(D. Don) Poit.","gymnosperms (conifers)","Accepted","Pinaceae","(D. Don) Poit.","N","Native to region, as per checklist","usda",0,"N",NA,NA,36.05,-121.48,1962-11-12,"GBIF","K","K","K","Herbarium",4513,"specimen"
"Abies bracteata","Pinaceae","Abies bracteata (D. Don) D. Don ex Poit.","Pinaceae","Abies bracteata","(D. Don) D. Don ex Poit.","gymnosperms (conifers)","Accepted","Pinaceae","(D. Don) D. Don ex Poit.","N","Native to region, as per checklist","usda",0,"N",NA,NA,37.750869,-119.51983,NA,"traits","traits","traits",NA,NA,NA,"trait occurrence"
"Abies bracteata","Pinaceae","Abies bracteata (D.Don) Poit.","Pinaceae","Abies bracteata","(D. Don) Poit.","gymnosperms (conifers)","Accepted","Pinaceae","(D. Don) Poit.","N","Native to region, as per checklist","usda",0,"N",NA,NA,36.3,-121.566667,1971-05-15,"GBIF","AK","AK","AK","AK",4174,"specimen"
"Abies bracteata","Pinaceae","Abies bracteata (D. Don) D. Don ex Poit.","Pinaceae","Abies bracteata","(D. Don) D. Don ex Poit.","gymnosperms (conifers)","Accepted","Pinaceae","(D. Don) D. Don ex Poit.","N","Native to region, as per checklist","usda",0,"N",NA,NA,37.750869,-119.51983,NA,"traits","traits","traits",NA,NA,NA,"trait occurrence"
"Abies bracteata","Pinaceae","Abies bracteata (D.Don) Poit.","Pinaceae","Abies bracteata","(D. Don) Poit.","gymnosperms (conifers)","Accepted","Pinaceae","(D. Don) Poit.","N","Native to region, as per checklist","usda",0,"N",NA,NA,36.05,-121.47,NA,"GBIF","K","K","K","Herbarium",4513,"specimen"
"Abies bracteata","Pinaceae","Abies bracteata (D.Don) Poit.","Pinaceae","Abies bracteata","(D. Don) Poit.","gymnosperms (conifers)","Accepted","Pinaceae","(D. Don) Poit.","N","Native to region, as per checklist","usda",0,"N",NA,NA,36.05,-121.47,NA,"GBIF","K","K","K","Herbarium",4513,"specimen"
"Abies bracteata","Pinaceae","Abies bracteata (D.Don) Poit.","Pinaceae","Abies bracteata","(D. Don) Poit.","gymnosperms (conifers)","Accepted","Pinaceae","(D. Don) Poit.","N","Native to region, as per checklist","usda",0,"N",NA,NA,36.32,-121.58,1968-05-19,"GBIF","K","K","K","Herbarium",4513,"specimen"
"Abies bracteata","Pinaceae","Abies bracteata (D.Don) Poit.","Pinaceae","Abies bracteata","(D. Don) Poit.","gymnosperms (conifers)","Accepted","Pinaceae","(D. Don) Poit.","N","Native to region, as per checklist","usda",0,"N","N",NA,36.295833,-121.5675,1958-08-23,"GBIF","E","E","E","E",4362,"specimen"
"Abies bracteata","Pinaceae","Abies bracteata (D.Don) Poit.","Pinaceae","Abies bracteata","(D. Don) Poit.","gymnosperms (conifers)","Accepted","Pinaceae","(D. Don) Poit.","N","Native to region, as per checklist","usda",0,"N","N",NA,36.369167,-121.583333,1915-07-26,"GBIF","E","E","E","E",4362,"specimen"
"Abies bracteata","Pinaceae","Abies bracteata (D.Don) Poit.","Pinaceae","Abies bracteata","(D. Don) Poit.","gymnosperms (conifers)","Accepted","Pinaceae","(D. Don) Poit.","N","Native to region, as per checklist","usda",0,"N","N",NA,36.116586,-121.474472,2017-04-15,"GBIF","iNaturalist","iNaturalist","iNaturalist","Observations",3007,"human observation"
"Abies bracteata","Pinaceae","Abies bracteata (D.Don) Poit.","Pinaceae","Abies bracteata","(D. Don) Poit.","gymnosperms (conifers)","Accepted","Pinaceae","(D. Don) Poit.","N","Native to region, as per checklist","usda",0,"N","N",NA,35.82434,-121.328932,2020-01-18,"GBIF","iNaturalist","iNaturalist","iNaturalist","Observations",3007,"human observation"
"Abies bracteata","Pinaceae","Abies bracteata (D.Don) Poit.","Pinaceae","Abies bracteata","(D. Don) Poit.","gymnosperms (conifers)","Accepted","Pinaceae","(D. Don) Poit.","N","Native to region, as per checklist","usda",0,"N","N",NA,35.860573,-121.352257,2020-01-19,"GBIF","iNaturalist","iNaturalist","iNaturalist","Observations",3007,"human observation"
"Abies bracteata","Pinaceae","Abies bracteata (D.Don) Poit.","Pinaceae","Abies bracteata","(D. Don) Poit.","gymnosperms (conifers)","Accepted","Pinaceae","(D. Don) Poit.","N","Native to region, as per checklist","usda",0,"N","N",NA,35.871915,-121.356354,2010-09-25,"GBIF","iNaturalist","iNaturalist","iNaturalist","Observations",3007,"human observation"
"Abies bracteata","Pinaceae","Abies bracteata (D.Don) Poit.","Pinaceae","Abies bracteata","(D. Don) Poit.","gymnosperms (conifers)","Accepted","Pinaceae","(D. Don) Poit.","N","Native to region, as per checklist","usda",0,"N","N",NA,36.051796,-121.496223,2018-02-18,"GBIF","iNaturalist","iNaturalist","iNaturalist","Observations",3007,"human observation"
"Abies bracteata","Pinaceae","Abies bracteata (D.Don) Poit.","Pinaceae","Abies bracteata","(D. Don) Poit.","gymnosperms (conifers)","Accepted","Pinaceae","(D. Don) Poit.","N","Native to region, as per checklist","usda",0,"N","N",NA,36.243333,-121.539722,1952-08-14,"GBIF","ENCB-IPN","ENCB-IPN","ENCB-IPN","ENCB",2532,"specimen"
"Abies bracteata","Pinaceae","Abies bracteata (D.Don) Poit.","Pinaceae","Abies bracteata","(D. Don) Poit.","gymnosperms (conifers)","Accepted","Pinaceae","(D. Don) Poit.","N","Native to region, as per checklist","usda",0,"N","N",NA,35.98102,-121.433467,2019-11-24,"GBIF","iNaturalist","iNaturalist","iNaturalist","Observations",3007,"human observation"
"Abies bracteata","Pinaceae","Abies bracteata (D.Don) Poit.","Pinaceae","Abies bracteata","(D. Don) Poit.","gymnosperms (conifers)","Accepted","Pinaceae","(D. Don) Poit.","N","Native to region, as per checklist","usda",0,"N","N",NA,36.05077,-121.497108,2018-02-18,"GBIF","iNaturalist","iNaturalist","iNaturalist","Observations",3007,"human observation"
"Abies bracteata","Pinaceae","Abies bracteata (D.Don) Poit.","Pinaceae","Abies bracteata","(D. Don) Poit.","gymnosperms (conifers)","Accepted","Pinaceae","(D. Don) Poit.","N","Native to region, as per checklist","usda",0,"N","N",NA,35.860528,-121.352163,2019-07-02,"GBIF","iNaturalist","iNaturalist","iNaturalist","Observations",3007,"human observation"
"Abies bracteata","Pinaceae","Abies bracteata (D.Don) Poit.","Pinaceae","Abies bracteata","(D. Don) Poit.","gymnosperms (conifers)","Accepted","Pinaceae","(D. Don) Poit.","N","Native to region, as per checklist","usda",0,"N","N",NA,36.122928,-121.470537,2017-04-15,"GBIF","iNaturalist","iNaturalist","iNaturalist","Observations",3007,"human observation"
"Abies bracteata","Pinaceae","Abies bracteata (D.Don) Poit.","Pinaceae","Abies bracteata","(D. Don) Poit.","gymnosperms (conifers)","Accepted","Pinaceae","(D. Don) Poit.","N","Native to region, as per checklist","usda",0,"N","N",NA,35.86079,-121.351154,2019-06-01,"GBIF","iNaturalist","iNaturalist","iNaturalist","Observations",3007,"human observation"
"Abies bracteata","Pinaceae","Abies bracteata (D.Don) Poit.","Pinaceae","Abies bracteata","(D. Don) Poit.","gymnosperms (conifers)","Accepted","Pinaceae","(D. Don) Poit.","N","Native to region, as per checklist","usda",0,"N","N",NA,36.123455,-121.472054,2017-04-15,"GBIF","iNaturalist","iNaturalist","iNaturalist","Observations",3007,"human observation"
"Abies bracteata","Pinaceae","Abies bracteata (D.Don) Poit.","Pinaceae","Abies bracteata","(D. Don) Poit.","gymnosperms (conifers)","Accepted","Pinaceae","(D. Don) Poit.","N","Native to region, as per checklist","usda",0,"N","N",NA,36.299583,-121.637904,2016-05-19,"GBIF","iNaturalist","iNaturalist","iNaturalist","Observations",3007,"human observation"
"Abies bracteata","Pinaceae","Abies bracteata (D.Don) Poit.","Pinaceae","Abies bracteata","(D. Don) Poit.","gymnosperms (conifers)","Accepted","Pinaceae","(D. Don) Poit.","N","Native to region, as per checklist","usda",0,"N","N",NA,36.138095,-121.492855,2019-07-09,"GBIF","iNaturalist","iNaturalist","iNaturalist","Observations",3007,"human observation"
"Abies bracteata","Pinaceae","Abies bracteata (D.Don) Poit.","Pinaceae","Abies bracteata","(D. Don) Poit.","gymnosperms (conifers)","Accepted","Pinaceae","(D. Don) Poit.","N","Native to region, as per checklist","usda",0,"N","N",NA,35.859205,-121.363328,2013-06-29,"GBIF","iNaturalist","iNaturalist","iNaturalist","Observations",3007,"human observation"
"Abies bracteata","Pinaceae","Abies bracteata (D.Don) Poit.","Pinaceae","Abies bracteata","(D. Don) Poit.","gymnosperms (conifers)","Accepted","Pinaceae","(D. Don) Poit.","N","Native to region, as per checklist","usda",0,"N","N",NA,36.107484,-121.489348,2015-04-01,"GBIF","iNaturalist","iNaturalist","iNaturalist","Observations",3007,"human observation"
"Abies bracteata","Pinaceae","Abies bracteata (D.Don) Poit.","Pinaceae","Abies bracteata","(D. Don) Poit.","gymnosperms (conifers)","Accepted","Pinaceae","(D. Don) Poit.","N","Native to region, as per checklist","usda",0,"N","N",NA,36.065872,-121.554237,2015-05-27,"GBIF","iNaturalist","iNaturalist","iNaturalist","Observations",3007,"human observation"
"Abies bracteata","Pinaceae","Abies bracteata (D.Don) Poit.","Pinaceae","Abies bracteata","(D. Don) Poit.","gymnosperms (conifers)","Accepted","Pinaceae","(D. Don) Poit.","N","Native to region, as per checklist","usda",0,"N","N",NA,36.066158,-121.554636,2018-04-22,"GBIF","iNaturalist","iNaturalist","iNaturalist","Observations",3007,"human observation"
"Abies bracteata","Pinaceae","Abies bracteata (D. Don) A. Poit.","Pinaceae","Abies bracteata","(D. Don) Poit.","gymnosperms (conifers)","Accepted","Pinaceae","(D. Don) Poit.","N","Native to region, as per checklist","usda",0,"N","N",NA,38.581545,-121.494345,1906-01-01,"NY","NY","NY","NY","Herbarium",251,"specimen"
"Abies bracteata","Pinaceae","Abies bracteata (D.Don) Poit.","Pinaceae","Abies bracteata","(D. Don) Poit.","gymnosperms (conifers)","Accepted","Pinaceae","(D. Don) Poit.","N","Native to region, as per checklist","usda",0,"N","N",NA,36.055971,-121.500106,2018-10-28,"GBIF","iNaturalist","iNaturalist","iNaturalist","Observations",3007,"human observation"
"Abies bracteata","Pinaceae","Abies bracteata (D.Don) Poit.","Pinaceae","Abies bracteata","(D. Don) Poit.","gymnosperms (conifers)","Accepted","Pinaceae","(D. Don) Poit.","N","Native to region, as per checklist","usda",0,"N","N",NA,36.065769,-121.560749,2015-12-17,"GBIF","iNaturalist","iNaturalist","iNaturalist","Observations",3007,"human observation"
"Abies bracteata","Pinaceae","Abies bracteata (D.Don) Poit.","Pinaceae","Abies bracteata","(D. Don) Poit.","gymnosperms (conifers)","Accepted","Pinaceae","(D. Don) Poit.","N","Native to region, as per checklist","usda",0,"N","N",NA,36.051625,-121.498328,2019-11-23,"GBIF","iNaturalist","iNaturalist","iNaturalist","Observations",3007,"human observation"
"Abies bracteata","Pinaceae","Abies bracteata (D.Don) Poit.","Pinaceae","Abies bracteata","(D. Don) Poit.","gymnosperms (conifers)","Accepted","Pinaceae","(D. Don) Poit.","N","Native to region, as per checklist","usda",0,"N","N",NA,36.062755,-121.554086,2013-05-04,"GBIF","iNaturalist","iNaturalist","iNaturalist","Observations",3007,"human observation"
"Abies bracteata","Pinaceae","Abies bracteata (D.Don) Poit.","Pinaceae","Abies bracteata","(D. Don) Poit.","gymnosperms (conifers)","Accepted","Pinaceae","(D. Don) Poit.","N","Native to region, as per checklist","usda",0,"N","N",NA,36.052261,-121.497292,2018-09-02,"GBIF","iNaturalist","iNaturalist","iNaturalist","Observations",3007,"human observation"
